variant,splay_deg,outer_axis_in,pair,offset,pose,min_clearance_mm,frac_phase_gt_20mm
base,0.0,5.5,FR-MR,tripod_pi,stance,-74.83876582064806,0.5694444444444444
base,0.0,5.5,FR-MR,tripod_pi,lifted,-74.83876582064815,0.5694444444444444
base,0.0,5.5,FR-MR,inphase_0,stance,116.59933198014386,1.0
base,0.0,5.5,FR-MR,inphase_0,lifted,116.59933198014386,1.0
base,0.0,5.5,MR-RR,tripod_pi,stance,-74.8387658206481,0.5694444444444444
base,0.0,5.5,MR-RR,tripod_pi,lifted,-74.83876582064815,0.5694444444444444
base,0.0,5.5,MR-RR,inphase_0,stance,116.59933198014386,1.0
base,0.0,5.5,MR-RR,inphase_0,lifted,116.59933198014386,1.0
A-20ctrl,-20.0,5.5,FR-MR,tripod_pi,stance,-89.06658662738778,0.4583333333333333
A-20ctrl,-20.0,5.5,FR-MR,tripod_pi,lifted,-89.06658662738778,0.4583333333333333
A-20ctrl,-20.0,5.5,FR-MR,inphase_0,stance,-83.27354149457683,0.0
A-20ctrl,-20.0,5.5,FR-MR,inphase_0,lifted,-83.27354149457683,0.0
A-20ctrl,-20.0,5.5,MR-RR,tripod_pi,stance,-89.06658662738778,0.4583333333333333
A-20ctrl,-20.0,5.5,MR-RR,tripod_pi,lifted,-89.06658662738778,0.4583333333333333
A-20ctrl,-20.0,5.5,MR-RR,inphase_0,stance,-83.2735414945768,0.0
A-20ctrl,-20.0,5.5,MR-RR,inphase_0,lifted,-83.2735414945768,0.0
B,0.0,2.5,FR-MR,tripod_pi,stance,-74.83876582064809,0.625
B,0.0,2.5,FR-MR,tripod_pi,lifted,-74.83876582064818,0.625
B,0.0,2.5,FR-MR,inphase_0,stance,185.65998535233658,1.0
B,0.0,2.5,FR-MR,inphase_0,lifted,185.65998535233658,1.0
B,0.0,2.5,MR-RR,tripod_pi,stance,-74.83876582064818,0.625
B,0.0,2.5,MR-RR,tripod_pi,lifted,-74.83876582064818,0.625
B,0.0,2.5,MR-RR,inphase_0,stance,185.65998535233658,1.0
B,0.0,2.5,MR-RR,inphase_0,lifted,185.65998535233658,1.0
A10,10.0,5.5,FR-MR,tripod_pi,stance,-62.39428187675604,0.6388888888888888
A10,10.0,5.5,FR-MR,tripod_pi,lifted,-62.39428187675604,0.6388888888888888
A10,10.0,5.5,FR-MR,inphase_0,stance,118.04014717423692,1.0
A10,10.0,5.5,FR-MR,inphase_0,lifted,118.04014717423692,1.0
A10,10.0,5.5,MR-RR,tripod_pi,stance,-62.394281876756054,0.6388888888888888
A10,10.0,5.5,MR-RR,tripod_pi,lifted,-62.394281876756054,0.6388888888888888
A10,10.0,5.5,MR-RR,inphase_0,stance,118.04014717423692,1.0
A10,10.0,5.5,MR-RR,inphase_0,lifted,118.04014717423692,1.0
A15,15.0,5.5,FR-MR,tripod_pi,stance,-55.91656245689837,0.6805555555555556
A15,15.0,5.5,FR-MR,tripod_pi,lifted,-55.91656245689837,0.6805555555555556
A15,15.0,5.5,FR-MR,inphase_0,stance,119.05358774959309,1.0
A15,15.0,5.5,FR-MR,inphase_0,lifted,119.05358774959309,1.0
A15,15.0,5.5,MR-RR,tripod_pi,stance,-55.91656245689835,0.6805555555555556
A15,15.0,5.5,MR-RR,tripod_pi,lifted,-55.91656245689835,0.6805555555555556
A15,15.0,5.5,MR-RR,inphase_0,stance,119.05358774959315,1.0
A15,15.0,5.5,MR-RR,inphase_0,lifted,119.05358774959315,1.0
A20,20.0,5.5,FR-MR,tripod_pi,stance,-50.64571408651893,0.7222222222222222
A20,20.0,5.5,FR-MR,tripod_pi,lifted,-50.64571408651893,0.7222222222222222
A20,20.0,5.5,FR-MR,inphase_0,stance,120.25259009651246,1.0
A20,20.0,5.5,FR-MR,inphase_0,lifted,120.25259009651246,1.0
A20,20.0,5.5,MR-RR,tripod_pi,stance,-50.64571408651887,0.7222222222222222
A20,20.0,5.5,MR-RR,tripod_pi,lifted,-50.64571408651887,0.7222222222222222
A20,20.0,5.5,MR-RR,inphase_0,stance,120.25259009651245,1.0
A20,20.0,5.5,MR-RR,inphase_0,lifted,120.25259009651245,1.0
A10+B,10.0,2.5,FR-MR,tripod_pi,stance,-61.85572422537519,0.6805555555555556
A10+B,10.0,2.5,FR-MR,tripod_pi,lifted,-61.85572422537519,0.6805555555555556
A10+B,10.0,2.5,FR-MR,inphase_0,stance,187.1008005464296,1.0
A10+B,10.0,2.5,FR-MR,inphase_0,lifted,187.1008005464296,1.0
A10+B,10.0,2.5,MR-RR,tripod_pi,stance,-61.855724225375184,0.6805555555555556
A10+B,10.0,2.5,MR-RR,tripod_pi,lifted,-61.855724225375184,0.6805555555555556
A10+B,10.0,2.5,MR-RR,inphase_0,stance,187.1008005464296,1.0
A10+B,10.0,2.5,MR-RR,inphase_0,lifted,187.1008005464296,1.0
A15+B,15.0,2.5,FR-MR,tripod_pi,stance,-55.00638768482734,0.7361111111111112
A15+B,15.0,2.5,FR-MR,tripod_pi,lifted,-55.00638768482734,0.7361111111111112
A15+B,15.0,2.5,FR-MR,inphase_0,stance,188.1142411217858,1.0
A15+B,15.0,2.5,FR-MR,inphase_0,lifted,188.1142411217858,1.0
A15+B,15.0,2.5,MR-RR,tripod_pi,stance,-55.00638768482732,0.7361111111111112
A15+B,15.0,2.5,MR-RR,tripod_pi,lifted,-55.00638768482732,0.7361111111111112
A15+B,15.0,2.5,MR-RR,inphase_0,stance,188.1142411217858,1.0
A15+B,15.0,2.5,MR-RR,inphase_0,lifted,188.1142411217858,1.0
A20+B,20.0,2.5,FR-MR,tripod_pi,stance,-40.90583591688493,0.8055555555555556
A20+B,20.0,2.5,FR-MR,tripod_pi,lifted,-40.90583591688493,0.8055555555555556
A20+B,20.0,2.5,FR-MR,inphase_0,stance,189.31324346870514,1.0
A20+B,20.0,2.5,FR-MR,inphase_0,lifted,189.31324346870514,1.0
A20+B,20.0,2.5,MR-RR,tripod_pi,stance,-40.905835916884946,0.8055555555555556
A20+B,20.0,2.5,MR-RR,tripod_pi,lifted,-40.905835916884946,0.8055555555555556
A20+B,20.0,2.5,MR-RR,inphase_0,stance,189.31324346870514,1.0
A20+B,20.0,2.5,MR-RR,inphase_0,lifted,189.31324346870514,1.0
