config,hardware,rung i walk tip p50/p10,rung i lead tip p50,rung ii standing lead tip Δ,rung iii survivors @0.3/@0.5,rung iii hip/femur N,rung iv 30k falls fwd/step (Δ),rung iv 20k falls fwd/step (Δ),rung v status,smoke fail@2k / coll@2k,rung v slow tripod (ratio),rung v slow completion (ratio),rung v slow tracking (ratio),rung v slow falls Δ,rung v fwd falls (Δ),rung v fwd pitch_max p50 (ratio),rung v step falls (ratio),rung v step pitch-fwd share (ratio),rung v step prefall tip p25 Δ,rung v walk tip p50,user preference
"control (anchor, base plant)",none,—,—,—,—,—,—,—,ok,—,0.595,0.88,0.397,12,100,0.49,39/100,0.92,-0.7°,9.0°,—
base,none,6.9 / 1.7,18.1,0.0°,6 / 4,0,100 / 74,95 / 36,ok,0.40 / 0.000,0.537 (0.90×),0.83 (0.94×),0.426 (1.07×),17 (+5),99 (-1),0.49 (1.00×),69/100 (1.77×),0.87 (0.94×),-0.4° (+0.4),8.5°,—
B,re-hinge 3 in,8.8 / 3.7,22.0,2.0°,8 / 8,0,40 (-60) / 30 (-44),6 (-89) / 17 (-19),ok,0.08 / 0.000,0.256 (0.43×),0.31 (0.35×),0.534 (1.35×),69 (+57),100 (+0),0.49 (1.00×),69/100 (1.77×),0.96 (1.04×),0.2° (+0.9),7.6°,re-hinge
A10,10° shims,9.5 / 4.4,22.8,3.2°,8 / 5,192,33 (-67) / 21 (-53),0 (-95) / 6 (-30),ok,0.13 / 0.000,0.145 (0.24×),0.23 (0.26×),0.685 (1.73×),77 (+65),100 (+0),0.49 (1.01×),90/100 (2.31×),1.00 (1.08×),-3.6° (-2.8),5.9°,splay only ✓
A15,15° shims,10.8 / 5.7,24.9,5.9°,8 / 8,0,28 (-72) / 6 (-68),1 (-94) / 3 (-33),ok,0.15 / 0.000,0.243 (0.41×),0.46 (0.52×),0.525 (1.32×),54 (+42),100 (+0),0.49 (1.00×),68/100 (1.74×),0.90 (0.97×),-1.5° (-0.8),6.8°,splay only ✓
A20,20° shims,12.1 / 7.0,26.7,7.4°,6 / 6,40,31 (-69) / 7 (-67),1 (-94) / 0 (-36),ok,0.17 / 0.000,0.319 (0.54×),0.76 (0.86×),0.707 (1.78×),24 (+12),100 (+0),0.49 (1.01×),66/100 (1.69×),1.00 (1.08×),-0.2° (+0.6),6.9°,splay only ✓
A10+B,10° shims + re-hinge,11.5 / 6.3,26.4,5.1°,8 / 8,0,24 (-76) / 2 (-72),0 (-95) / 1 (-35),pending,— / —,— (—),— (—),— (—),—,—,— (—),—,— (—),—,—,shims + re-hinge
A15+B,15° shims + re-hinge,12.8 / 7.7,28.3,8.0°,8 / 8,50,22 (-78) / 0 (-74),0 (-95) / 0 (-36),pending,— / —,— (—),— (—),— (—),—,—,— (—),—,— (—),—,—,shims + re-hinge
A20+B,20° shims + re-hinge,14.1 / 9.0,30.1,10.0°,8 / 8,943,19 (-81) / 1 (-73),0 (-95) / 0 (-36),pending,— / —,— (—),— (—),— (—),—,—,— (—),—,— (—),—,—,shims + re-hinge
